{
"meta":{"test_sets":[],"test_metrics":[],"learn_metrics":[{"best_value":"Min","name":"RMSE"}],"launch_mode":"Train","parameters":"","iteration_count":100,"learn_sets":["learn"],"name":"experiment"},
"iterations":[
{"learn":[14.005006],"iteration":0,"passed_time":0.001155967773,"remaining_time":0.1144408095},
{"learn":[13.14441192],"iteration":1,"passed_time":0.00209812756,"remaining_time":0.1028082504},
{"learn":[12.34258257],"iteration":2,"passed_time":0.002867675776,"remaining_time":0.09272151675},
{"learn":[11.64527793],"iteration":3,"passed_time":0.003718501413,"remaining_time":0.0892440339},
{"learn":[11.02766183],"iteration":4,"passed_time":0.004482290558,"remaining_time":0.08516352061},
{"learn":[10.43485794],"iteration":5,"passed_time":0.005222361165,"remaining_time":0.08181699158},
{"learn":[9.890641275],"iteration":6,"passed_time":0.005940679743,"remaining_time":0.07892617373},
{"learn":[9.492161212],"iteration":7,"passed_time":0.006659851146,"remaining_time":0.07658828818},
{"learn":[9.105082953],"iteration":8,"passed_time":0.007381741552,"remaining_time":0.07463760903},
{"learn":[8.674157135],"iteration":9,"passed_time":0.00811166857,"remaining_time":0.07300501713},
{"learn":[8.341743544],"iteration":10,"passed_time":0.008856956452,"remaining_time":0.07166082948},
{"learn":[8.049372916],"iteration":11,"passed_time":0.009699851829,"remaining_time":0.07113224675},
{"learn":[7.757318612],"iteration":12,"passed_time":0.01049737267,"remaining_time":0.07025164788},
{"learn":[7.522206899],"iteration":13,"passed_time":0.01132701989,"remaining_time":0.06958026506},
{"learn":[7.297756655],"iteration":14,"passed_time":0.01217765662,"remaining_time":0.06900672085},
{"learn":[7.088359431],"iteration":15,"passed_time":0.01291602158,"remaining_time":0.06780911329},
{"learn":[6.882113791],"iteration":16,"passed_time":0.01364719272,"remaining_time":0.06663041149},
{"learn":[6.704728832],"iteration":17,"passed_time":0.01443396798,"remaining_time":0.065754743},
{"learn":[6.563881962],"iteration":18,"passed_time":0.01517455028,"remaining_time":0.06469150381},
{"learn":[6.418790279],"iteration":19,"passed_time":0.01596208806,"remaining_time":0.06384835225},
{"learn":[6.315756953],"iteration":20,"passed_time":0.01670797794,"remaining_time":0.06285382176},
{"learn":[6.210157751],"iteration":21,"passed_time":0.01746381074,"remaining_time":0.06191714716},
{"learn":[6.115058449],"iteration":22,"passed_time":0.01826827457,"remaining_time":0.06115900617},
{"learn":[6.014819884],"iteration":23,"passed_time":0.01902590332,"remaining_time":0.06024869384},
{"learn":[5.93117229],"iteration":24,"passed_time":0.01981168529,"remaining_time":0.05943505586},
{"learn":[5.844857622],"iteration":25,"passed_time":0.02065741577,"remaining_time":0.05879418334},
{"learn":[5.771145213],"iteration":26,"passed_time":0.02140851289,"remaining_time":0.05788227558},
{"learn":[5.704018229],"iteration":27,"passed_time":0.02214313545,"remaining_time":0.05693949116},
{"learn":[5.665806474],"iteration":28,"passed_time":0.02290262035,"remaining_time":0.05607193257},
{"learn":[5.616500369],"iteration":29,"passed_time":0.02372577607,"remaining_time":0.05536014417},
{"learn":[5.558023666],"iteration":30,"passed_time":0.02446166282,"remaining_time":0.05444692693},
{"learn":[5.510080976],"iteration":31,"passed_time":0.02518132586,"remaining_time":0.05351031744},
{"learn":[5.468747792],"iteration":32,"passed_time":0.02592668397,"remaining_time":0.05263902503},
{"learn":[5.429275534],"iteration":33,"passed_time":0.02666405564,"remaining_time":0.05175963742},
{"learn":[5.402117324],"iteration":34,"passed_time":0.02747279363,"remaining_time":0.05102090245},
{"learn":[5.367635151],"iteration":35,"passed_time":0.02831041267,"remaining_time":0.05032962253},
{"learn":[5.345181232],"iteration":36,"passed_time":0.02909663611,"remaining_time":0.04954292094},
{"learn":[5.319151269],"iteration":37,"passed_time":0.02982756645,"remaining_time":0.04866602947},
{"learn":[5.296134146],"iteration":38,"passed_time":0.03060457307,"remaining_time":0.04786869122},
{"learn":[5.269629003],"iteration":39,"passed_time":0.03137595422,"remaining_time":0.04706393133},
{"learn":[5.251147059],"iteration":40,"passed_time":0.03215406077,"remaining_time":0.0462704777},
{"learn":[5.248003302],"iteration":41,"passed_time":0.03255819843,"remaining_time":0.04496132164},
{"learn":[5.232376509],"iteration":42,"passed_time":0.03346883411,"remaining_time":0.04436566383},
{"learn":[5.213524255],"iteration":43,"passed_time":0.03442849184,"remaining_time":0.04381808053},
{"learn":[5.189691584],"iteration":44,"passed_time":0.03524899851,"remaining_time":0.04308210929},
{"learn":[5.166052198],"iteration":45,"passed_time":0.036093826,"remaining_time":0.04237101313},
{"learn":[5.140406659],"iteration":46,"passed_time":0.03689677482,"remaining_time":0.04160700139},
{"learn":[5.118929684],"iteration":47,"passed_time":0.03765651427,"remaining_time":0.04079455712},
{"learn":[5.108792602],"iteration":48,"passed_time":0.03840104593,"remaining_time":0.03996843556},
{"learn":[5.098141225],"iteration":49,"passed_time":0.03921323592,"remaining_time":0.03921323592},
{"learn":[5.085926393],"iteration":50,"passed_time":0.04004546139,"remaining_time":0.03847505114},
{"learn":[5.067816804],"iteration":51,"passed_time":0.04086812549,"remaining_time":0.03772442353},
{"learn":[5.049834901],"iteration":52,"passed_time":0.04166934859,"remaining_time":0.03695206385},
{"learn":[5.03838627],"iteration":53,"passed_time":0.04247123389,"remaining_time":0.03617919924},
{"learn":[5.033534248],"iteration":54,"passed_time":0.04301342927,"remaining_time":0.03519280577},
{"learn":[5.023726885],"iteration":55,"passed_time":0.04376609157,"remaining_time":0.03438764338},
{"learn":[5.01290392],"iteration":56,"passed_time":0.0444952661,"remaining_time":0.03356660425},
{"learn":[5.005569127],"iteration":57,"passed_time":0.04534600745,"remaining_time":0.03283676402},
{"learn":[4.989969032],"iteration":58,"passed_time":0.04616613315,"remaining_time":0.03208155015},
{"learn":[4.976762446],"iteration":59,"passed_time":0.04694360761,"remaining_time":0.03129573841},
{"learn":[4.967222715],"iteration":60,"passed_time":0.04768486214,"remaining_time":0.03048704301},
{"learn":[4.954407599],"iteration":61,"passed_time":0.04846642012,"remaining_time":0.02970522524},
{"learn":[4.942125056],"iteration":62,"passed_time":0.04916541471,"remaining_time":0.0288749261},
{"learn":[4.930230716],"iteration":63,"passed_time":0.04991742485,"remaining_time":0.02807855148},
{"learn":[4.921695642],"iteration":64,"passed_time":0.05066036496,"remaining_time":0.02727865806},
{"learn":[4.906405625],"iteration":65,"passed_time":0.05145260833,"remaining_time":0.02650588914},
{"learn":[4.894330248],"iteration":66,"passed_time":0.05225639994,"remaining_time":0.02573822683},
{"learn":[4.88211557],"iteration":67,"passed_time":0.05308993002,"remaining_time":0.02498349648},
{"learn":[4.877946398],"iteration":68,"passed_time":0.05387243112,"remaining_time":0.02420355601},
{"learn":[4.863182126],"iteration":69,"passed_time":0.05461956512,"remaining_time":0.02340838505},
{"learn":[4.84646533],"iteration":70,"passed_time":0.05535702709,"remaining_time":0.0226106167},
{"learn":[4.838014752],"iteration":71,"passed_time":0.05610992015,"remaining_time":0.0218205245},
{"learn":[4.82981137],"iteration":72,"passed_time":0.05682311175,"remaining_time":0.02101676736},
{"learn":[4.817094767],"iteration":73,"passed_time":0.05755521598,"remaining_time":0.02022210291},
{"learn":[4.808314151],"iteration":74,"passed_time":0.05826719356,"remaining_time":0.01942239785},
{"learn":[4.796235023],"iteration":75,"passed_time":0.05901136776,"remaining_time":0.01863516877},
{"learn":[4.784434534],"iteration":76,"passed_time":0.05983417232,"remaining_time":0.01787254498},
{"learn":[4.774402487],"iteration":77,"passed_time":0.06065716752,"remaining_time":0.01710843186},
{"learn":[4.76731896],"iteration":78,"passed_time":0.06136194124,"remaining_time":0.0163114021},
{"learn":[4.75934113],"iteration":79,"passed_time":0.06208113845,"remaining_time":0.01552028461},
{"learn":[4.754106378],"iteration":80,"passed_time":0.06281475798,"remaining_time":0.01473432595},
{"learn":[4.744002932],"iteration":81,"passed_time":0.0635881019,"remaining_time":0.01395836383},
{"learn":[4.731700554],"iteration":82,"passed_time":0.06435683743,"remaining_time":0.01318152092},
{"learn":[4.723284153],"iteration":83,"passed_time":0.06507174127,"remaining_time":0.01239461739},
{"learn":[4.712232782],"iteration":84,"passed_time":0.06582621959,"remaining_time":0.01161639169},
{"learn":[4.703046867],"iteration":85,"passed_time":0.06661322561,"remaining_time":0.01084401347},
{"learn":[4.698601855],"iteration":86,"passed_time":0.06735849343,"remaining_time":0.01006506224},
{"learn":[4.692429407],"iteration":87,"passed_time":0.06812536621,"remaining_time":0.009289822665},
{"learn":[4.675027364],"iteration":88,"passed_time":0.06895654537,"remaining_time":0.00852271909},
{"learn":[4.662368584],"iteration":89,"passed_time":0.06971982282,"remaining_time":0.00774664698},
{"learn":[4.646206172],"iteration":90,"passed_time":0.07044084033,"remaining_time":0.006966676516},
{"learn":[4.641245848],"iteration":91,"passed_time":0.07122569925,"remaining_time":0.006193539065},
{"learn":[4.633900435],"iteration":92,"passed_time":0.07198062906,"remaining_time":0.005417896811},
{"learn":[4.624738236],"iteration":93,"passed_time":0.07274913324,"remaining_time":0.004643561696},
{"learn":[4.612798287],"iteration":94,"passed_time":0.07358088744,"remaining_time":0.003872678287},
{"learn":[4.605222001],"iteration":95,"passed_time":0.07432428965,"remaining_time":0.003096845402},
{"learn":[4.601725912],"iteration":96,"passed_time":0.07510515506,"remaining_time":0.002322839847},
{"learn":[4.59722371],"iteration":97,"passed_time":0.07584001842,"remaining_time":0.001547755478},
{"learn":[4.580235665],"iteration":98,"passed_time":0.07659955348,"remaining_time":0.0007737328634},
{"learn":[4.57591791],"iteration":99,"passed_time":0.07730090588,"remaining_time":0}
]}